{"cameraMode":{"drawMode":0,"name":"Shaded","section":"Shading Mode"},"sceneLighting":true,"audioPlay":false,"sceneViewState":{"showFog":true,"showMaterialUpdate":false,"showSkybox":true,"showFlares":true,"showImageEffects":true,"showParticleSystems":true,"showVisualEffectGraphs":true,"m_FxEnabled":true},"in2DMode":false,"pivot":{"x":-3.9838101863861086,"y":-6.020821571350098,"z":-0.08272552490234375},"rotation":{"x":0.052803028374910358,"y":-0.9083887934684753,"z":0.3967851400375366,"w":0.12088225036859513},"size":14.837475776672364,"orthographic":false}